{
  "args": {
    "data": "/home/medlar/Projects/screening/att_res/tinyshakespeare.txt",
    "seq_len": 32,
    "val_frac": 0.1,
    "batch_size": 8,
    "max_steps": 10,
    "lr": 0.005,
    "weight_decay": 0.001,
    "grad_clip": 1.0,
    "warmup_steps": 2,
    "cooldown_steps": 3,
    "min_lr_ratio": 0.1,
    "log_interval": 5,
    "seed": 42,
    "spectral_radius": 0.95,
    "d_e": 16,
    "N": 160,
    "H": 30,
    "ip_epochs": 1,
    "ip_lr": 1e-05,
    "ip_mu": 0.0,
    "ip_sigma": 0.5,
    "ip_chars": 500
  },
  "args_extra": {
    "use_bf16": true,
    "device": "cuda"
  },
  "vocab_size": 65,
  "models": {
    "aerc_base": {
      "label": "AERC base (no RMSNorm)",
      "n_params": 155645,
      "train_losses": [
        4.25762939453125,
        4.12481689453125,
        4.03515625,
        3.89208984375,
        3.8154296875,
        3.6609420776367188,
        3.660022735595703,
        3.6170310974121094,
        3.6417083740234375,
        3.6576995849609375
      ],
      "val_losses": [
        [
          5,
          3.82701904296875
        ],
        [
          10,
          3.762206726074219
        ]
      ]
    },
    "aerc_rmsnorm": {
      "label": "AERC + RMSNorm",
      "n_params": 155805,
      "train_losses": [
        4.29974365234375,
        4.025787353515625,
        3.8324050903320312,
        3.6041488647460938,
        3.7134933471679688,
        3.6358184814453125,
        3.520233154296875,
        3.5250797271728516,
        3.443958282470703,
        3.5092697143554688
      ],
      "val_losses": [
        [
          5,
          3.7713325881958006
        ],
        [
          10,
          3.687006435394287
        ]
      ]
    },
    "aerc_ip_frozen": {
      "label": "AERC + IP pretrain (frozen during BPTT)",
      "n_params": 155645,
      "train_losses": [
        4.248779296875,
        4.09765625,
        4.01800537109375,
        3.9100341796875,
        3.751129150390625,
        3.722930908203125,
        3.5898590087890625,
        3.66558837890625,
        3.845947265625,
        3.6636962890625
      ],
      "val_losses": [
        [
          5,
          3.7683856201171877
        ],
        [
          10,
          3.7001779174804685
        ]
      ],
      "ip_a_history": [
        [
          5,
          1.0105441808700562,
          0.001690027303993702
        ],
        [
          10,
          1.0105441808700562,
          0.001690027303993702
        ]
      ],
      "ip_b_history": [
        [
          5,
          0.0001390481338603422,
          0.00562483724206686
        ],
        [
          10,
          0.0001390481338603422,
          0.00562483724206686
        ]
      ]
    },
    "aerc_ip_bptt": {
      "label": "AERC + IP pretrain + gradient IP (no RMSNorm)",
      "n_params": 155965,
      "train_losses": [
        4.23260498046875,
        4.0712890625,
        3.89093017578125,
        3.7403640747070312,
        3.6478042602539062,
        3.534687042236328,
        3.3951644897460938,
        3.539348602294922,
        3.3791656494140625,
        3.4813613891601562
      ],
      "val_losses": [
        [
          5,
          3.8009828186035155
        ],
        [
          10,
          3.747708740234375
        ]
      ],
      "ip_a_history": [
        [
          5,
          1.0113276243209839,
          0.013377883471548557
        ],
        [
          10,
          1.0117796659469604,
          0.014558044262230396
        ]
      ],
      "ip_b_history": [
        [
          5,
          0.0010705773020163178,
          0.017235439270734787
        ],
        [
          10,
          0.0013000350445508957,
          0.01924295350909233
        ]
      ]
    },
    "aerc_ip_bptt_norm": {
      "label": "AERC + IP pretrain + gradient IP + RMSNorm",
      "n_params": 156125,
      "train_losses": [
        4.32470703125,
        4.093017578125,
        3.779693603515625,
        3.756591796875,
        3.668079376220703,
        3.4653472900390625,
        3.4552001953125,
        3.4625473022460938,
        3.3194656372070312,
        3.4312210083007812
      ],
      "val_losses": [
        [
          5,
          3.785775451660156
        ],
        [
          10,
          3.7216007995605467
        ]
      ],
      "ip_a_history": [
        [
          5,
          1.0045397281646729,
          0.012148364447057247
        ],
        [
          10,
          1.0033080577850342,
          0.012871854938566685
        ]
      ],
      "ip_b_history": [
        [
          5,
          -0.0004299834545236081,
          0.014095154590904713
        ],
        [
          10,
          -0.0005265792133286595,
          0.015278035774827003
        ]
      ]
    }
  }
}